Last: mdl.locTime.Y,Last: mdl.locTime.DOY,Last: mdl.locTime.H,Sum:  mdl.climate.microclim.Rain,Mean: mdl.climate.microclim.u,Mean: mdl.climate.microclim.TaC,Mean: mdl.climate.microclim.d,Mean: mdl.climate.microclim.SWDir,Mean: mdl.climate.microclim.SWDif,Mean: mdl.climate.microclim.LWDw,Max: mdl.forest.treeStand.canopy.LAI,Max: mdl.forest.treeStand.canopy.WAI,Mean: mdl.forest.soil.waterCycle.Stock_RootLayer,Mean: mdl.forest.LE,Mean: mdl.forest.Rnet,Mean: mdl.forest.H,Sum: mdl.forest.GPP,Sum: mdl.forest.NEE,Sum: mdl.forest.RAuto,Sum: mdl.forest.soil.carbonCycle.Rh,Sum: mdl.forest.treeStand.canopy.Assimilation,Sum: mdl.forest.treeStand.canopy.Respiration,Sum: mdl.forest.treeStand.canopy.Transpiration,Sum: mdl.forest.treeStand.canopy.Evaporation,Sum: mdl.forest.soil.surface.ETR,Last: mdl.forest.treeStand.Age    ,Last: mdl.forest.treeStand.density,Last: mdl.forest.treeStand.IStress   ,Last: mdl.forest.treeStand.DBHmean ,Last: mdl.forest.treeStand.HEIGHTmean,Last: mdl.forest.treeStand.BasalArea,Last: mdl.forest.treeStand.WDeadTrees,Last: mdl.forest.treeStand.LeafFall,Last: mdl.forest.treeStand.Wr,Last: mdl.forest.treeStand.WStem,Last: mdl.forest.treeStand.WBranch,Last: mdl.manager.harvest_WStem,Last: mdl.manager.harvest_WBranch,Last: mdl.manager.harvest_W   ,Last: mdl.manager.harvest_WStem   ,Last: mdl.manager.harvest_WBranch ,Last: mdl.manager.harvest_WTapRoots   ,Last: mdl.manager.NbCut_Trees ,Last: mdl.manager.harvest_DBHmean ,Last: mdl.manager.harvest_DBHquadratic ,Last: mdl.manager.harvest_DBHsd   ,Last: mdl.manager.harvest_HEIGHTmean  ,Last: mdl.manager.harvest_HEIGHTsd,Last: mdl.manager.harvest_basalArea   ,Last: mdl.manager.seedingYear  ,Last: mdl.manager.FirstThinning,Last: mdl.manager.lastThinningYear,Last: mdl.manager.clearcuts,Last: mdl.manager.thinnings,Last: mdl.manager.practicesType   ,Last: mdl.forest.underStorey.foliage.W,Last: mdl.forest.underStorey.perennial.W,Last: mdl.forest.underStorey.roots.W,Last: mdl.forest.soil.carbonCycle.HUM,Last: mdl.forest.soil.carbonCycle.BIO,Last: mdl.forest.soil.carbonCycle.DPM,Last: mdl.forest.soil.carbonCycle.RPM,Last: mdl.forest.soil.waterCycle.SOC
2006,365,23,1193.23,1.35018,11.3974,368.235,55.3616,77.0814,310.367,7.32801,0.372217,248.27,46.0408,63.3769,-1.33312,2234.11,773.787,1813.97,1193.92,2071.64,837.568,285.129,142.27,154.62,140,135,0.591693,60.9175,48.4302,42.746,1.79957,0,20.2982,57.5386,7.97974,0,0,0,0,0,None,None,0,0,0,0,0,0,1861,0,1996,None,0,2,0.00387611,0.0979636,0.0111278,6078.3,440.602,372.956,4881.05,0.871716
2007,365,23,1162.52,1.32057,11.7194,321.696,52.699,78.0141,312.048,7.16654,0.357853,261.481,44.2653,62.2419,-2.7362,2290.85,637.784,1756.16,1172.47,2063.2,731.223,245.936,152.396,156.901,141,135,0.513121,60.7379,48.4886,42.5082,0,0,19.6601,57.301,7.90349,0,0,0,0,0,None,None,0,0,0,0,0,0,1861,0,1996,None,0,2,0.00184301,0.117536,0.00640958,6147.6,390.141,117.896,4852.07,0.855197
2008,365,23,966.23,1.25181,11.6768,369.979,55.6023,79.8644,309.264,7.1106,0.356714,258.698,44.0886,63.11,2.57753,2244.52,509.387,1818.97,934.933,2042.61,785.111,271.277,119.856,161.991,142,135,0.582946,60.5171,48.5387,42.2081,0,0,19.0239,56.9699,7.81036,0,0,0,0,0,None,None,0,0,0,0,0,0,1861,0,1996,None,0,2,0.00594562,0.159628,0.00732888,6188.13,341.02,124.487,4835.74,0.857566
2009,365,23,1095.83,1.36752,12.5201,409.468,54.3322,78.146,314.408,7.04315,0.355202,256.37,47.111,60.723,-1.1367,2229.79,646.297,1917.5,958.593,1999.95,872.02,282.403,138.718,171.495,143,105,0.620486,64.7089,48.6422,37.1262,8.49094,0,16.7148,50.2216,7.14191,0,0,0,0,0,None,None,0,0,0,0,0,0,1861,0,1996,None,0,2,0.00631535,0.184961,0.00744611,6228.28,305.799,1083.33,8441.56,1.21178
2010,365,23,1489.52,1.44082,11.0259,336.531,51.7043,78.4185,310.144,6.29025,0.298291,271.366,42.5665,60.9214,-2.05431,2165.9,1317.79,1529.44,1954.24,1926.14,654.384,228.931,125.241,180.66,144,105,0.556495,64.6152,48.7289,37.0199,0,0,16.3064,50.156,7.1005,0,0,0,0,0,None,None,0,0,0,0,0,0,1861,0,1996,None,0,2,0.00512046,0.208352,0.00742443,6394.18,365.619,120.314,8044.09,1.11989
2011,365,23,1363.68,1.33664,11.5529,321.941,46.3595,77.3393,315.384,6.26026,0.297974,270.018,41.0182,57.6777,-3.0054,2138.29,622.327,1585.48,1175.14,1857.51,624.401,212.033,130.249,172.078,145,105,0.52414,64.467,48.7968,36.8495,0,0,15.8362,49.991,7.04183,0,0,0,0,0,None,None,0,0,0,0,0,0,1861,0,1996,None,0,2,0.00390838,0.223864,0.00746224,6459.7,342.856,106.013,7658.05,1.09414
2012,365,23,1343.9,1.28463,12.3176,362.072,49.6818,77.876,313.591,6.21865,0.297316,269.152,44.5234,57.9451,-3.03708,2360.03,392.761,1602.12,1150.68,2006.82,625.138,221.261,162.021,172.854,146,105,0.50251,64.4418,48.8752,36.8171,0,0,15.4401,50.0107,7.02345,0,0,0,0,0,None,None,0,0,0,0,0,0,1861,0,1996,None,0,2,0.00649639,0.232524,0.00758179,6518.4,321.724,98.8655,7277.5,1.06883
2013,365,23,1512.32,1.4056,11.6449,308.7,44.6214,77.2421,316.334,6.20498,0.297316,268.394,42.3992,56.8297,-4.65506,2192.71,500.374,1605.03,1088.06,1881.94,612.474,205.77,151.529,174.984,147,105,0.514412,64.3337,48.9457,36.6897,0,0,15.0022,49.9016,6.97719,0,0,0,0,0,None,None,0,0,0,0,0,0,1861,0,1996,None,0,2,0.00577101,0.235522,0.00753431,6570.91,305.932,103.907,6956.93,1.0486
2014,365,23,1069.93,1.26669,11.7726,359.801,51.1422,78.1818,314.311,6.17219,0.296835,267.749,42.2499,62.3182,-1.26912,2236,475.154,1649.23,1061.92,1991.32,700.682,238.014,125.895,166.276,148,105,0.579146,64.265,49.02,36.6053,0,0,14.6347,49.8495,6.94336,0,0,0,0,0,None,None,0,0,0,0,0,0,1861,0,1996,None,0,2,0.00665729,0.234127,0.00743787,6618.51,291.771,108.79,6653.41,1.02929
2015,365,23,1376.22,1.47114,12.1172,365.531,58.7568,80.4431,312.267,6.1481,0.297171,267.443,46.0266,67.401,-2.09213,2430.52,297.873,1671.43,1056.96,2163.29,711.356,250.624,145.429,181.12,149,105,0.561353,64.3231,49.1034,36.6652,0,0,14.3458,49.9921,6.95162,0,0,0,0,0,None,None,0,0,0,0,0,0,1861,0,1996,None,0,2,0.00516476,0.24097,0.00715347,6662.65,279.685,104.868,6361.36,1.00991
2016,365,23,1340.94,1.37466,12.2591,361.577,58.2532,80.12,312.904,6.15314,0.297425,266.912,48.0343,66.9835,1.48622,2448.51,265.413,1693.7,1020.22,2115.17,682.158,239.421,142.735,185.806,150,105,0.542137,64.3324,49.1816,36.6697,0,0,14.0211,50.0591,6.94374,0,0,0,0,0,None,None,0,0,0,0,0,0,1861,0,1996,None,0,2,0.00531507,0.24377,0.00757947,6701.2,268.247,107.876,6093.71,0.992522
2017,365,23,1270.62,1.43759,11.4187,344.098,55.1946,77.7974,309.324,6.14707,0.297597,268.359,43.8358,62.0697,-0.553129,2275.21,313.658,1622.04,966.826,2022.52,648.567,235.019,136.858,177.943,151,105,0.557414,64.3307,49.2581,36.6604,0,0,13.7001,50.1072,6.93153,0,0,0,0,0,None,None,0,0,0,0,0,0,1861,0,1996,None,0,2,0.00387867,0.238748,0.00747219,6736.62,260.497,112.422,5880.73,0.979213
2018,365,23,1079.86,1.34038,12.2733,445.67,59.4382,77.0459,311.347,6.13819,0.297597,252.857,44.721,63.9737,-0.0688367,2266.2,389.853,1725.65,930.403,2024.86,753.728,268.991,104.679,185.878,152,105,0.657423,64.2252,49.3257,36.5322,0,0,13.383,49.9928,6.88469,0,0,0,0,0,None,None,0,0,0,0,0,0,1861,0,1996,None,0,2,0.00538448,0.239696,0.00746698,6769.3,254.571,117.358,5700.04,0.968208
2019,365,23,1343.4,1.45297,12.6025,387.212,56.263,77.8124,315.528,6.10548,0.297652,265.552,45.2235,64.3905,-0.118853,2463.13,203.133,1671.63,994.629,2161.33,702.272,246.479,142.062,178.24,153,105,0.574993,64.2851,49.4073,36.5908,0,0,13.1334,50.1321,6.89193,0,0,0,0,0,None,None,0,0,0,0,0,0,1861,0,1996,None,0,2,0.00413348,0.244211,0.00746811,6800.17,246.753,103.254,5474.57,0.952153
2020,365,23,1286.77,1.38111,12.2488,388.748,56.2544,78.834,314.099,6.11024,0.297799,265.571,44.919,64.3299,-1.49695,2399.7,257.198,1710.92,945.982,2130.42,725.181,252.704,127.063,183.848,154,105,0.596961,64.282,49.4813,36.5789,0,0,12.8663,50.1748,6.87882,0,0,0,0,0,None,None,0,0,0,0,0,0,1861,0,1996,None,0,2,0.00351877,0.247734,0.00749404,6826.11,239.212,108.3,5280.14,0.939581
2021,365,23,1740.34,1.52698,11.1684,302.663,46.4578,76.5873,316.042,6.10094,0.298011,269.042,41.4742,59.4992,-3.78378,2272.52,173.68,1544.12,902.084,1943.22,566.919,200.718,143.096,177.488,155,105,0.479418,64.2903,49.5562,36.5786,0,0,12.5395,50.233,6.86887,0,0,0,0,0,None,None,0,0,0,0,0,0,1861,0,1996,None,0,2,0.00567525,0.250347,0.007405,6851.79,235.759,98.7915,5136.66,0.929788
2022,365,23,1103.89,1.22987,11.7972,386.191,53.0498,79.9169,311.343,6.09395,0.298151,265.834,41.8537,62.023,1.09819,2308.32,216.992,1623.56,901.748,2032.63,654.399,230.49,114.688,178.478,156,105,0.592016,64.2883,49.6292,36.5663,0,0,12.2818,50.2744,6.85537,0,0,0,0,0,None,None,0,0,0,0,0,0,1861,0,1996,None,0,2,0.00540151,0.253255,0.00739787,6873.62,230.319,97.8087,4984.09,0.919655
2023,365,23,1089.79,1.27714,12.8349,384.658,55.1848,79.2314,313.204,6.08458,0.298777,263.522,43.539,61.8713,-3.19408,2529.56,63.8992,1676.15,917.307,2148.6,666.764,229.656,138.132,174.645,157,105,0.537072,64.3624,49.7087,36.6397,0,0,12.0396,50.4326,6.8665,0,0,0,0,0,None,None,0,0,0,0,0,0,1861,0,1996,None,0,2,0.00554965,0.251431,0.0075903,6891.98,223.805,97.0329,4818.89,0.9083
2024,365,23,885.077,1.37297,11.9706,433.275,68.7158,78.4053,307.1,6.09233,0.29972,260.96,48.996,71.8803,3.4663,2573.82,-1.27636,1727.29,845.256,2315.01,764.006,287.796,133.984,190.66,158,105,0.634678,64.4865,49.7901,36.7713,0,0,11.9379,50.6706,6.89436,0,0,0,0,0,None,None,0,0,0,0,0,0,1861,0,1996,None,0,2,0.00176945,0.239534,0.00745829,6906.1,217.539,131.075,4699.97,0.902857
2025,365,23,1091.31,1.29827,12.2788,418.908,60.6961,77.6715,312.404,6.11168,0.29972,263.783,45.7726,66.6263,2.31984,2374.96,295.427,1778.13,892.254,2156.7,778.082,269.796,124.78,180.109,159,105,0.625254,64.4585,49.8586,36.7288,0,0,11.7029,50.6693,6.87213,0,0,0,0,0,None,None,0,0,0,0,0,0,1861,0,1996,None,0,2,0.00573004,0.245431,0.00724946,6923.23,215.075,106.22,4572.78,0.892479
2026,365,23,1345.22,1.30933,12.4679,324.444,44.1182,78.1116,319.279,6.09641,0.299684,262.7,39.714,57.0036,-1.06326,2302.56,183.558,1600.76,885.351,1942.47,591.306,188.137,140.271,167.377,160,105,0.468324,64.4381,49.9282,36.6935,0,0,11.3822,50.6774,6.85175,0,0,0,0,0,None,None,0,0,0,0,0,0,1861,0,1996,None,0,2,0.00603648,0.247524,0.00749317,6937.99,212.201,82.2379,4452.16,0.882491
2027,365,23,1061.7,1.3514,13.4389,492.375,74.2113,76.9249,312.486,6.08255,0.300084,260.189,49.6865,72.8296,1.38858,2561.27,105.874,1818.92,848.224,2301.05,859.021,292.91,122.881,203.832,161,105,0.670795,64.4801,50.0019,36.7292,0,0,11.2675,50.7828,6.85167,0,0,0,0,0,None,None,0,0,0,0,0,0,1861,0,1996,None,0,2,0.00724053,0.249255,0.00755868,6943.29,203.641,111.176,4318.22,0.874822
2028,365,23,1007.83,1.47817,13.2911,557.899,74.9149,76.7697,311.174,6.08281,0.300084,253.75,52.753,73.2904,0.847068,2506.69,174.892,1853.48,828.107,2256.45,878.886,303.178,100.605,238.933,162,105,0.707775,64.4531,50.0682,36.6868,0,0,11.1332,50.7801,6.82928,0,0,0,0,0,None,None,0,0,0,0,0,0,1861,0,1996,None,0,2,0.00529403,0.250457,0.00757551,6950.51,199.809,124.711,4222.01,0.869017
2029,365,23,865.823,1.25834,12.6065,442.856,68.5911,78.4642,310.523,6.06765,0.300674,257.458,45.6051,70.6289,1.04554,2542.48,5.52109,1715.36,832.641,2246.89,750.287,266.273,103.377,198.57,163,105,0.630127,64.5334,50.1436,36.7659,0,0,11.0085,50.9446,6.84157,0,0,0,0,0,None,None,0,0,0,0,0,0,1861,0,1996,None,0,2,0.0033676,0.251369,0.00754572,6958.7,198.053,112.185,4136.36,0.862096
2030,365,23,1057,1.3543,12.4301,411.686,61.2615,78.0857,311.398,6.07657,0.300674,261.65,45.1946,63.7407,-0.466061,2330.3,214.18,1712.95,831.521,2048.32,721.955,245.627,117.125,202.022,164,105,0.609033,64.4845,50.2065,36.6984,0,0,10.759,50.9062,6.81208,0,0,0,0,0,None,None,0,0,0,0,0,0,1861,0,1996,None,0,2,0.00572447,0.252781,0.00750939,6964.78,195.61,106.267,4049.94,0.85546
2031,365,23,1380.29,1.42201,12.0359,453.06,66.4533,78.1401,309.219,6.05654,0.300955,257.962,47.9177,69.2774,2.59527,2442.21,53.7494,1703.89,792.067,2229.43,800.525,268.173,138.025,193.884,165,105,0.666753,64.541,50.2786,36.7498,0,0,10.6687,51.0318,6.81634,0,0,0,0,0,None,None,0,0,0,0,0,0,1861,0,1996,None,0,2,0.00571977,0.223844,0.00733468,6970.89,194.346,116.987,3998.96,0.852834
2032,365,23,1068.08,1.28546,12.2026,393.599,60.2342,75.8081,313.788,6.06001,0.30101,260.735,43.1501,65.1673,3.47771,2342.13,165.487,1683.03,824.59,2101.59,729.022,241.924,117.022,181.614,166,105,0.613924,64.5321,50.3438,36.7273,0,0,10.469,51.0547,6.79973,0,0,0,0,0,None,None,0,0,0,0,0,0,1861,0,1996,None,0,2,0.00670997,0.223931,0.00742298,6977.19,193.473,93.465,3928.86,0.846117
2033,365,23,1113.15,1.4257,13.4585,493.236,70.5046,79.111,314.264,6.04898,0.301719,257.815,48.5757,73.1213,0.768793,2636.48,-35.902,1793.57,807.011,2370.89,850.684,294.39,106.229,206.065,167,105,0.660929,64.6252,50.4179,36.8202,0,0,10.4109,51.2374,6.81576,0,0,0,0,0,None,None,0,0,0,0,0,0,1861,0,1996,None,0,2,0.00489381,0.232585,0.0075077,6974.97,187.127,110.647,3837.61,0.840248
2034,365,23,1163.96,1.34011,12.35,387.715,59.0752,79.0367,311.762,6.06069,0.302758,260.974,44.2427,65.8949,1.06796,2566.38,-116.85,1653.43,796.103,2251.54,679.855,237.714,131.179,183.719,168,105,0.570157,64.7699,50.4941,36.9736,0,0,10.289,51.5037,6.84913,0,0,0,0,0,None,None,0,0,0,0,0,0,1861,0,1996,None,0,2,0.00416466,0.238655,0.00752974,6976.98,186.158,98.7024,3779.54,0.835018
2035,365,23,965.194,1.40737,13.5334,479.408,66.4174,78.5228,314.337,6.08436,0.302758,258.558,46.2135,67.3383,3.28808,2547.11,68.1621,1795.18,820.097,2181.84,773.288,259.656,98.1224,215.772,169,105,0.650736,64.7449,50.5557,36.9326,0,0,10.1169,51.4999,6.8273,0,0,0,0,0,None,None,0,0,0,0,0,0,1861,0,1996,None,0,2,0.00612631,0.240114,0.00761996,6974.95,182.921,95.5818,3700.42,0.828535
2036,365,23,1130.86,1.50161,12.7301,384.506,60.1852,79.7049,314.515,6.06981,0.304092,260.595,46.6167,69.3505,-4.60778,2635.27,-186.777,1659.09,789.405,2309.76,690.388,240.295,139.474,188.474,170,105,0.556495,64.9449,50.6367,37.1482,0,0,10.0347,51.8527,6.87813,0,0,0,0,0,None,None,0,0,0,0,0,0,1861,0,1996,None,0,2,0.00731047,0.243253,0.00759261,6973.62,181.507,92.0946,3646.22,0.823995
2037,365,23,1172.04,1.46116,13.2932,498.797,64.1174,78.0992,317.494,6.10569,0.304092,258.489,48.3624,69.1253,0.00370441,2503.19,181.184,1897.11,787.267,2264.28,873.909,279.339,111.767,213.332,171,105,0.681739,64.897,50.6945,37.0815,0,0,9.88873,51.8123,6.84908,0,0,0,0,0,None,None,0,0,0,0,0,0,1861,0,1996,None,0,2,0.00637605,0.247541,0.00746977,6968.36,177.791,106.797,3584.31,0.819959
2038,365,23,1319.01,1.24973,11.3863,333.69,50.3305,79.1098,313.139,6.08617,0.304457,261.761,39.1872,61.7278,1.9778,2371.64,-37.6637,1578.28,755.692,2068.77,637.423,205.515,122.094,163.14,172,105,0.54643,64.9709,50.7638,37.1525,0,0,9.7171,51.9635,6.85885,0,0,0,0,0,None,None,0,0,0,0,0,0,1861,0,1996,None,0,2,0.00350537,0.24726,0.00741242,6968.73,179.042,96.5431,3565.09,0.81772
2039,365,23,1169.27,1.2275,12.8389,350.717,49.4381,78.1775,317.3,6.09366,0.30497,260.288,40.5387,58.4026,-2.87871,2486.93,-32.9279,1662.27,791.732,2112.84,651.009,202.571,137.819,166.09,173,105,0.509282,65.0358,50.8309,37.2138,0,0,9.51908,52.1009,6.86593,0,0,0,0,0,None,None,0,0,0,0,0,0,1861,0,1996,None,0,2,0.00640349,0.249617,0.00752947,6965.9,177.922,82.0383,3516.1,0.812618
2040,365,23,1279.65,1.3938,11.6524,371.191,52.3999,78.7998,312.845,6.09929,0.305427,261.365,41.9137,62.3226,-2.8855,2405.5,6.3326,1674.96,736.874,2141.48,710.716,223.411,128.918,174.379,174,105,0.585837,65.0922,50.8968,37.2655,0,0,9.37871,52.2246,6.87031,0,0,0,0,0,None,None,0,0,0,0,0,0,1861,0,1996,None,0,2,0.00283671,0.242924,0.00718741,6960.75,175.533,103.429,3490.97,0.811935
2041,365,23,1260.43,1.45199,13.0545,406.339,55.695,77.1061,319.32,6.10307,0.305989,259.969,45.0213,64.6127,-0.0652321,2584.1,-51.3894,1745.42,787.285,2243.12,753.04,239.265,138.8,185.094,175,105,0.621896,65.1652,50.9636,37.336,0,0,9.2872,52.3745,6.88,0,0,0,0,0,None,None,0,0,0,0,0,0,1861,0,1996,None,0,2,0.0071449,0.245626,0.00753871,6955.91,174.331,90.9142,3442.1,0.80684
2042,365,23,1045.98,1.2973,13.5354,476.91,64.6387,79.9389,313.531,6.11055,0.306592,259.459,47.762,67.4514,-2.64477,2681.58,-55.6618,1843.55,782.366,2365.83,827.885,264.838,137.316,194.943,176,105,0.648786,65.2449,51.0303,37.4143,0,0,9.24274,52.535,6.89189,0,0,0,0,0,None,None,0,0,0,0,0,0,1861,0,1996,None,0,2,0.00550751,0.247397,0.00754341,6946.64,170.764,98.9742,3385.62,0.802402
2043,365,23,1279.87,1.37368,13.3506,439.948,55.1163,78.1455,319.031,6.11958,0.306592,260.663,43.9245,62.1697,0.861782,2487.88,107.98,1806.61,789.253,2151,757.659,233.567,125.091,188.644,177,105,0.630077,65.2121,51.0871,37.3634,0,0,9.07669,52.5142,6.86737,0,0,0,0,0,None,None,0,0,0,0,0,0,1861,0,1996,None,0,2,0.00515636,0.248857,0.00754272,6939.03,169.485,86.9358,3337.03,0.797154
2044,365,23,1175.94,1.48971,12.8135,400.519,54.3818,77.901,318.25,6.10339,0.307357,259.829,42.9794,64.1711,1.38483,2596.61,-147.852,1697.43,751.322,2255.25,705.301,232.463,121.176,182.408,178,105,0.609805,65.3366,51.1567,37.493,0,0,9.02544,52.7462,6.89371,0,0,0,0,0,None,None,0,0,0,0,0,0,1861,0,1996,None,0,2,0.00489934,0.249225,0.00754588,6931.48,168.718,89.8679,3309.96,0.794716
2045,365,23,932.972,1.39889,13.407,588.926,74.8067,76.1538,313.484,6.12248,0.307357,235.25,49.5258,73.1781,5.08654,2587.41,30.3217,1951.78,665.95,2365.19,951.134,301.595,100.311,215.053,179,105,0.719812,65.3151,51.2125,37.4557,0,0,8.98936,52.7438,6.87325,0,0,0,0,0,None,None,0,0,0,0,0,0,1861,0,1996,None,0,2,0.00672761,0.251372,0.00748132,6922.7,166.498,139.429,3319.83,0.798612
2046,365,23,1295.81,1.42506,13.6344,526.261,62.247,77.4831,320.24,6.1091,0.307302,252.015,47.8846,67.5393,2.03234,2506.58,157.762,1880.01,784.335,2217.8,881.135,266.659,113.245,215.893,180,105,0.70305,65.2538,51.2658,37.3714,0,0,8.87474,52.6746,6.83944,0,0,0,0,0,None,None,0,0,0,0,0,0,1861,0,1996,None,0,2,0.00381086,0.23243,0.00748699,6917.22,167.48,109.039,3287.32,0.793352
2047,365,23,1460.72,1.42468,12.3627,356.141,50.165,76.3956,320.986,6.08653,0.307668,261.165,41.6333,62.0375,1.13517,2459.13,-52.9324,1641.67,764.52,2152.54,683.28,207.93,136.127,177.608,181,105,0.571753,65.3467,51.3312,37.4647,0,0,8.76327,52.8549,6.85559,0,0,0,0,0,None,None,0,0,0,0,0,0,1861,0,1996,None,0,2,0.00597857,0.239448,0.00743552,6911.93,168.432,82.551,3262.43,0.788993
2048,365,23,1262.23,1.40313,13.3728,423.458,56.5363,78.5036,318.819,6.09862,0.308217,258.379,43.9318,63.9337,-1.48908,2602.92,-115.651,1728.08,759.19,2202.94,688.682,216.755,129.751,199.428,182,105,0.580314,65.4193,51.3934,37.5357,0,0,8.6513,53.0036,6.86566,0,0,0,0,0,None,None,0,0,0,0,0,0,1861,0,1996,None,0,2,0.00497925,0.241398,0.00756958,6901.34,165.946,82.0304,3224.53,0.785223
2049,365,23,1157.63,1.35299,12.4751,403.829,60.6589,78.2428,314.428,6.10645,0.309425,259.194,45.2794,67.5678,1.79221,2674.06,-194.333,1749.8,729.92,2378.58,755.507,241.723,140.892,183.773,183,105,0.606425,65.5939,51.4637,37.7243,0,0,8.64904,53.3181,6.90875,0,0,0,0,0,None,None,0,0,0,0,0,0,1861,0,1996,None,0,2,0.00319952,0.239385,0.00756365,6890.12,163.664,101.998,3202.78,0.784223
2050,365,23,1070.59,1.34331,12.9591,484.128,67.4648,76.1396,315.833,6.13716,0.309704,258.031,46.1113,70.7249,2.32374,2567.24,63.2342,1878.76,751.717,2353.69,860.317,261.527,112.618,203.977,184,105,0.672498,65.6248,51.5208,37.748,0,0,8.60944,53.3999,6.90575,0,0,0,0,0,None,None,0,0,0,0,0,0,1861,0,1996,None,0,2,0.00636717,0.241735,0.00732403,6880,162.747,100.485,3175.43,0.781224
2051,365,23,1237.83,1.3589,13.3577,456.397,65.5859,78.4051,315.954,6.1359,0.310379,257.746,45.7689,69.632,4.09587,2721.99,-156.762,1814.67,750.554,2368.55,808.53,247.015,125.412,196.501,185,105,0.649365,65.7171,51.5837,37.8418,0,0,8.59733,53.5803,6.92224,0,0,0,0,0,None,None,0,0,0,0,0,0,1861,0,1996,None,0,2,0.00674914,0.240773,0.00758196,6867.87,160.965,98.6826,3144.23,0.777753
2052,365,23,1434.32,1.35129,13.7919,436.276,62.8711,78.6805,318.862,6.1482,0.311711,258.713,46.4848,69.5597,0.676584,2819.12,-219.16,1829.38,770.584,2493.49,780.442,245.51,149.584,185.218,186,105,0.604962,65.9111,51.6536,38.0542,0,0,8.6119,53.9284,6.97216,0,0,0,0,0,None,None,0,0,0,0,0,0,1861,0,1996,None,0,2,0.00726069,0.243799,0.00756445,6856.7,160.677,84.2744,3112.05,0.773309
2053,365,23,1250.28,1.338,13.9206,512.063,61.8527,78.7104,320.269,6.18361,0.311711,248.297,48.0173,67.6934,0.460389,2705.85,-20.6783,1965.05,720.115,2347.02,876.894,251.955,148.14,197.978,187,105,0.688934,65.8827,51.7041,38.0098,0,0,8.53569,53.913,6.95019,0,0,0,0,0,None,None,0,0,0,0,0,0,1861,0,1996,None,0,2,0.00418897,0.24211,0.00760479,6843.42,158.756,104.308,3099.03,0.772827
2054,365,23,1204.84,1.28889,12.8238,452.746,61.2059,78.4241,317.906,6.16922,0.312058,257.679,44.4512,68.6438,2.57697,2617.74,-37.908,1847,732.831,2345.36,845.68,243.845,114.978,195.434,188,105,0.66392,65.9413,51.7631,38.0647,0,0,8.50932,54.0381,6.95586,0,0,0,0,0,None,None,0,0,0,0,0,0,1861,0,1996,None,0,2,0.00242261,0.245657,0.00754337,6830.94,157.656,109.375,3082.57,0.770992
2055,365,23,1187.06,1.31456,13.511,549.89,66.4942,76.7089,317.103,6.17405,0.312495,254.706,47.2704,70.2545,2.47709,2762.35,-103.196,1914.04,745.115,2457.88,908.298,261.689,128.432,198.468,189,105,0.719397,65.9974,51.8198,38.118,0,0,8.57269,54.1605,6.96133,0,0,0,0,0,None,None,0,0,0,0,0,0,1861,0,1996,None,0,2,0.00394341,0.247198,0.00757448,6819.48,157.701,105.974,3066.71,0.768628
2056,365,23,968.25,1.49057,14.9774,727.09,75.2798,77.5182,316.91,6.17868,0.312495,229.037,50.0683,70.4787,4.56328,2605.58,228.478,2137.56,696.499,2372.68,1090.04,298.385,84.6948,237.614,190,105,0.766852,65.8501,51.8603,37.9352,0,0,8.45312,53.9473,6.90077,0,0,0,0,0,None,None,0,0,0,0,0,0,1861,0,1996,None,0,2,0.00324304,0.237486,0.00421791,6810.12,158.58,125.888,3084.97,0.770845
2057,365,23,896.823,1.16811,13.6741,430.228,61.5541,79.4001,317.279,6.1376,0.312948,258.576,43.929,67.2034,1.65024,2809.24,-270.619,1744.17,794.45,2430.4,764.443,226.603,137.784,182.469,191,105,0.596022,66.0449,51.9296,38.1475,0,0,8.4651,54.2951,6.95038,0,0,0,0,0,None,None,0,0,0,0,0,0,1861,0,1996,None,0,2,0.00414676,0.239345,0.00737401,6799.96,159.143,86.7202,3048.99,0.764282
2058,365,23,997.466,1.28635,14.1551,528.238,63.877,79.6827,318.638,6.17294,0.312948,251.047,46.2412,66.7085,0.950399,2649.78,66.4212,1959.52,756.675,2347.23,878.844,246.284,121.863,208.454,192,105,0.681624,66.0135,51.977,38.1003,0,0,8.37923,54.2738,6.92812,0,0,0,0,0,None,None,0,0,0,0,0,0,1861,0,1996,None,0,2,0.00709383,0.236785,0.00746814,6787.12,157.828,78.8048,3024.11,0.760772
2059,365,23,1319.46,1.3628,13.1005,341.05,49.3726,78.0495,321.052,6.15832,0.313947,258.201,39.5102,60.3686,-1.25217,2664.03,-222.911,1703.57,737.55,2277.77,663.941,187.208,137.504,168.27,193,105,0.483613,66.177,52.0423,38.2773,0,0,8.26589,54.5714,6.96804,0,0,0,0,0,None,None,0,0,0,0,0,0,1861,0,1996,None,0,2,0.00695767,0.238627,0.00748419,6774.38,157.005,76.7122,3008.29,0.758414
2060,365,23,1100.6,1.36198,15.0767,577.038,61.2653,79.1834,323.021,6.1869,0.313947,250.231,50.0551,65.4557,-2.56109,2784.36,18.141,2050.91,751.589,2428.16,941.149,262.848,112.47,218.517,194,105,0.697865,66.1549,52.0902,38.2404,0,0,8.21324,54.564,6.94859,0,0,0,0,0,None,None,0,0,0,0,0,0,1861,0,1996,None,0,2,0.00743943,0.241577,0.00760128,6757.22,154.045,86.2531,2974.57,0.755234
2061,365,23,1362.4,1.36525,13.8412,467.32,63.0787,77.5174,320.206,6.17429,0.314797,255.949,44.729,67.681,2.33316,2805.6,-175.205,1877.09,753.308,2465.09,833.679,236.697,127.899,193.386,195,105,0.640715,66.2868,52.1518,38.3812,0,0,8.23535,54.8099,6.97849,0,0,0,0,0,None,None,0,0,0,0,0,0,1861,0,1996,None,0,2,0.00716029,0.245439,0.00751823,6742.24,153.207,81.0977,2949.31,0.751742
2062,365,23,1069.42,1.37565,13.797,580.813,68.7867,78.582,316.785,6.19593,0.31523,253.339,47.7285,71.4399,3.48576,2818.17,-102.475,1998.42,717.278,2521.8,945.193,276.428,101.749,214.951,196,105,0.70722,66.3428,52.205,38.4357,0,0,8.28962,54.9323,6.9847,0,0,0,0,0,None,None,0,0,0,0,0,0,1861,0,1996,None,0,2,0.00552726,0.246733,0.00756887,6725.41,151.133,108.159,2937.99,0.751658
2063,365,23,820.123,1.28865,14.9751,703.66,70.6825,79.796,319.88,6.20105,0.31523,225.816,50.0161,70.8364,3.51058,2831.81,-9.05354,2144.15,678.602,2547.33,1061.93,288.336,107.259,225.164,197,105,0.749627,66.3036,52.2513,38.3784,0,0,8.30245,54.8949,6.95968,0,0,0,0,0,None,None,0,0,0,0,0,0,1861,0,1996,None,0,2,0.00542167,0.234905,0.00755743,6712.83,151.224,140.624,2960.83,0.754945
2064,365,23,1300.02,1.37054,14.3435,570.021,63.1007,77.5043,321.045,6.1846,0.315045,252.093,48.5846,65.4804,2.14837,2634.34,133.762,1966.92,801.182,2308.23,925.055,248.561,134.887,220.967,198,105,0.717186,66.2382,52.2952,38.2905,0,0,8.22314,54.8133,6.92628,0,0,0,0,0,None,None,0,0,0,0,0,0,1861,0,1996,None,0,2,0.00709055,0.237951,0.00758472,6702.89,153.952,86.0018,2933.52,0.747878
2065,365,23,1090.91,1.28766,14.2483,487.509,63.9791,77.7918,319.371,6.16233,0.315039,255.769,45.3655,65.4778,-0.191724,2732.92,-68.9017,1897.54,766.476,2358.93,851.728,223.286,138.308,202.493,199,105,0.632007,66.2819,52.3482,38.3289,0,0,8.15278,54.912,6.92785,0,0,0,0,0,None,None,0,0,0,0,0,0,1861,0,1996,None,0,2,0.00671505,0.242677,0.00748567,6686.44,151.823,77.1325,2899.26,0.743295
2066,365,23,1137.54,1.41598,14.1997,508.782,69.726,78.3154,319.173,6.16436,0.315831,249.837,46.7617,71.6746,4.1253,2823.8,-140.198,1961.2,722.405,2541.29,923.792,255.127,120.024,207.651,200,105,0.66879,66.3939,52.405,38.448,0,0,8.19872,55.1259,6.95197,0,0,0,0,0,None,None,0,0,0,0,0,0,1861,0,1996,None,0,2,0.00648326,0.246202,0.00754463,6669.65,149.982,92.3022,2885.96,0.742147
2067,365,23,909.068,1.17952,14.8357,544.199,66.973,79.079,321.18,6.18197,0.316341,251.254,49.6958,70.0378,1.42861,2927.52,-140.777,2028.72,758.027,2552.43,930.364,248.018,126.403,214.509,201,105,0.682785,66.4623,52.4577,38.5167,0,0,8.22147,55.2676,6.96229,0,0,0,0,0,None,None,0,0,0,0,0,0,1861,0,1996,None,0,2,0.0074299,0.246868,0.00760734,6652.94,149.131,86.1329,2861.05,0.738471
2068,365,23,943.408,1.27565,14.6179,600.868,70.004,78.5592,319.637,6.18997,0.316878,240.752,49.7282,71.6934,3.71194,2947.94,-180.012,2060.08,707.848,2611.81,984.252,272.693,97.4562,222.755,202,105,0.710484,66.5349,52.5105,38.5904,0,0,8.29889,55.4163,6.97403,0,0,0,0,0,None,None,0,0,0,0,0,0,1861,0,1996,None,0,2,0.00569708,0.248106,0.00760504,6638.52,149.27,99.8667,2867.96,0.73895
2069,365,23,1272.15,1.16825,13.7879,411.154,57.041,79.8756,319.945,6.19896,0.31784,258.652,43.4357,64.691,0.561419,2862.26,-216.21,1876.07,769.981,2457.95,770.58,205.925,165.878,170.859,203,105,0.584996,66.6728,52.568,38.7408,0,0,8.25921,55.6748,7.00706,0,0,0,0,0,None,None,0,0,0,0,0,0,1861,0,1996,None,0,2,0.00712582,0.249427,0.00750729,6624.6,149.993,77.9182,2849.64,0.734781
2070,365,23,1249.08,1.26616,13.8909,486.045,62.451,77.5786,318.892,6.22268,0.318289,258.071,45.7611,66.2661,0.360779,2792.06,-94.9298,1955.22,741.912,2450.82,845.701,217.515,156.509,195.808,204,105,0.661533,66.7317,52.6182,38.7996,0,0,8.24662,55.8018,7.01492,0,0,0,0,0,None,None,0,0,0,0,0,0,1861,0,1996,None,0,2,0.00581316,0.249729,0.00754143,6606.31,147.691,87.4278,2830.24,0.732613
2071,365,23,995.054,1.29459,14.2211,526.663,66.2201,78.3809,319.187,6.22891,0.318924,257.391,45.7543,68.5202,2.0712,2920.7,-134.601,2029.68,756.417,2558.51,920.037,241.142,122.607,205.147,205,105,0.667696,66.8196,52.6712,38.8915,0,0,8.26458,55.9763,7.03178,0,0,0,0,0,None,None,0,0,0,0,0,0,1861,0,1996,None,0,2,0.00301719,0.248999,0.00756892,6586.51,145.294,93.1275,2802.37,0.729386
2072,365,23,1301.03,1.18456,14.0971,455.967,53.3182,78.9091,322.745,6.24145,0.319392,258.104,42.4237,61.3361,2.34647,2806.57,-81.134,1952.5,772.936,2410.55,814.062,202.743,149.8,175.541,206,105,0.617189,66.8817,52.7214,38.9538,0,0,8.19211,56.108,7.04055,0,0,0,0,0,None,None,0,0,0,0,0,0,1861,0,1996,None,0,2,0.00513255,0.250434,0.00749803,6570.48,146.12,75.3447,2782.86,0.725283
2073,365,23,875.896,1.30089,15.5353,631.341,70.269,79.5538,322.113,6.24834,0.31972,250.957,49.0338,70.0883,0.813266,2976.02,-56.2213,2155.2,764.603,2621.06,997.133,255.459,123.741,228.918,207,105,0.695491,66.9223,52.77,38.9905,0,0,8.2143,56.2027,7.04218,0,0,0,0,0,None,None,0,0,0,0,0,0,1861,0,1996,None,0,2,0.00723106,0.250428,0.00756517,6549.83,144.075,77.6872,2752.46,0.721537
2074,365,23,1125.91,1.41731,15.0599,579.174,67.6989,78.6536,321.468,6.25034,0.320317,257.274,48.3587,68.8761,2.47367,2971.79,-109.487,2095.44,766.854,2614.48,949.121,253.212,117.725,229.467,208,105,0.681192,67.0044,52.8214,39.0762,0,0,8.25342,56.3678,7.05743,0,0,0,0,0,None,None,0,0,0,0,0,0,1861,0,1996,None,0,2,0.00613586,0.24766,0.00758979,6527.32,141.735,89.0066,2720.86,0.718246
2075,365,23,976.437,1.33929,15.7962,680.56,77.1353,78.6181,322.048,6.26175,0.320469,250.566,52.3067,73.7489,2.58945,3031.49,-9.20573,2248.91,773.379,2702.37,1076.95,268.968,136.308,244.558,209,105,0.72728,67.018,52.8668,39.0818,0,0,8.29799,56.4173,7.05063,0,0,0,0,0,None,None,0,0,0,0,0,0,1861,0,1996,None,0,2,0.00722596,0.248963,0.00755877,6506.87,141.311,82.0026,2695.47,0.71418
2076,365,23,789.125,1.23761,16.1235,747.405,78.1682,79.1925,321.302,6.25787,0.320469,235.971,54.3274,72.4115,3.76723,2944.76,84.4199,2312.8,716.384,2614.29,1164.19,277.817,103.394,268.695,210,105,0.753724,66.9402,52.9052,38.9798,0,0,8.25866,56.3112,7.01412,0,0,0,0,0,None,None,0,0,0,0,0,0,1861,0,1996,None,0,2,0.00669739,0.248676,0.0076079,6485.61,139.614,107.734,2693.42,0.714366
2077,365,23,983.363,1.40531,16.0817,748.427,70.0603,79.9624,324.638,6.23344,0.320026,244.551,52.3707,69.6164,0.464626,2858.83,161.008,2241.55,778.292,2559.14,1131,264.409,134.437,251.619,211,105,0.75539,66.8692,52.9442,38.8856,0,0,8.22115,56.2157,6.9798,0,0,0,0,0,None,None,0,0,0,0,0,0,1861,0,1996,None,0,2,0.00714108,0.249523,0.00751719,6467.53,140.803,79.0355,2673.4,0.709228
2078,365,23,1108.4,1.36371,15.3135,629.606,64.3296,78.7183,323.382,6.21053,0.319992,235.733,50.9457,67.1867,-0.357386,2949.38,-206.623,2041.56,701.202,2540.31,950.841,235.879,129.96,236.956,212,105,0.71115,66.9162,52.9918,38.9297,0,0,8.26167,56.3199,6.98373,0,0,0,0,0,None,None,0,0,0,0,0,0,1861,0,1996,None,0,2,0.00670634,0.247359,0.00761903,6450.33,141.248,98.7041,2689.46,0.710654
2079,365,23,1143.37,1.46408,15.5197,714.14,73.8475,78.0496,323.749,6.21411,0.319992,256.612,50.3571,72.4413,4.41685,2929.05,100.207,2231.01,798.246,2653.89,1111.77,270.983,91.964,262.539,213,105,0.737759,66.8996,53.0335,38.9002,0,0,8.27976,56.3172,6.96757,0,0,0,0,0,None,None,0,0,0,0,0,0,1861,0,1996,None,0,2,0.0057576,0.243179,0.00752496,6427.64,139.045,87.2773,2647.43,0.704797
2080,365,23,1096.58,1.30938,15.9468,649.894,65.7471,77.9084,328.04,6.20372,0.319946,249.815,49.1068,67.5751,2.63824,2912.05,66.7717,2214.62,764.203,2576.44,1094.16,247.066,143.285,220.03,214,105,0.723239,66.8583,53.0737,38.8413,0,0,8.22835,56.2716,6.9433,0,0,0,0,0,None,None,0,0,0,0,0,0,1861,0,1996,None,0,2,0.00381194,0.244858,0.00757961,6405.25,137.732,91.5749,2624.62,0.701649
2081,365,23,1152.63,1.27376,14.8099,569.362,65.1109,77.2472,323.48,6.18773,0.320118,257.044,44.3984,67.6946,5.16384,2891.72,-102.523,2024.58,764.614,2539.88,948.718,226.014,118.527,206.599,215,105,0.69192,66.9075,53.1204,38.8884,0,0,8.24515,56.3793,6.94821,0,0,0,0,0,None,None,0,0,0,0,0,0,1861,0,1996,None,0,2,0.00582748,0.246834,0.00759641,6384.12,137.258,79.4287,2603.35,0.697454
2082,365,23,749.612,1.26991,15.3408,730.269,76.0294,78.1422,321.188,6.19198,0.320219,256.206,50.1199,74.0281,6.63186,2975.89,-5.18358,2212.21,758.497,2682.24,1124.61,270.548,102.883,248.683,216,105,0.744354,66.9137,53.1628,38.8859,0,0,8.29545,56.4148,6.93969,0,0,0,0,0,None,None,0,0,0,0,0,0,1861,0,1996,None,0,2,0.00573208,0.244528,0.00750132,6358.64,134.509,93.2723,2574.92,0.694372
2083,365,23,1038.77,1.25358,16.3696,628.066,63.0864,78.8412,327.576,6.18686,0.320219,251.017,47.8716,65.1346,0.219303,2934.04,15.2513,2160.04,789.248,2518.76,983.37,226.594,105.789,230.823,217,105,0.687915,66.8871,53.203,38.8444,0,0,8.2084,56.3934,6.92046,0,0,0,0,0,None,None,0,0,0,0,0,0,1861,0,1996,None,0,2,0.00743988,0.245584,0.00761048,6336.22,134.908,68.6188,2546.32,0.68855
2084,365,23,833.251,1.21505,15.7548,637.901,70.8886,78.098,323.246,6.17434,0.320359,255.948,45.6582,69.3759,5.55038,2979.66,-73.0343,2147.35,759.281,2609.15,1036.78,242.924,99.1783,222.861,218,105,0.708246,66.9171,53.2473,38.8691,0,0,8.22112,56.468,6.91936,0,0,0,0,0,None,None,0,0,0,0,0,0,1861,0,1996,None,0,2,0.00723525,0.245599,0.0075726,6309.56,132.541,79.6465,2518.16,0.685182
2085,365,23,1171.51,1.5212,16.0581,792.224,76.2216,78.8625,322.859,6.17442,0.320359,228.204,48.5678,72.3796,7.21146,2917.57,13.8623,2248.87,682.559,2604.57,1126.04,240.536,87.484,254.754,219,105,0.777497,66.8574,53.2834,38.7899,0,0,8.24368,56.391,6.89022,0,0,0,0,0,None,None,0,0,0,0,0,0,1861,0,1996,None,0,2,0.00459886,0.230312,0.00290882,6293.88,135.69,97.4989,2560.98,0.688643
2086,365,23,1358.06,1.24067,14.8831,499.959,57.661,79.3427,325.372,6.1549,0.320538,256.459,41.6428,64.1535,1.99695,2864.17,-102.22,1984.25,777.695,2492.7,871.694,195.433,128.782,193.45,220,105,0.647583,66.9263,53.3306,38.86,0,0,8.21007,56.5312,6.90157,0,0,0,0,0,None,None,0,0,0,0,0,0,1861,0,1996,None,0,2,0.00716451,0.236846,0.00725239,6275.1,136.488,66.4896,2542.91,0.683423
2087,365,23,1056.15,1.45498,16.2886,800.355,72.3138,75.6413,324.946,6.16365,0.320538,232.64,52.7036,69.0577,-4.62186,3015.32,-49.9492,2292.03,673.341,2643.89,1134.52,252.143,98.9803,275.728,221,105,0.752907,66.8771,53.3668,38.7932,0,0,8.20167,56.4716,6.87595,0,0,0,0,0,None,None,0,0,0,0,0,0,1861,0,1996,None,0,2,0.00755676,0.239484,0.00759967,6253.42,134.156,110.093,2559.83,0.686411
2088,365,23,713.827,1.15578,17.2668,809.756,72.156,80.3953,326.22,6.14658,0.320277,245.697,52.8878,69.1647,4.12463,3056.69,108.49,2363.33,801.853,2659.89,1194.32,258.231,105.631,262.05,222,105,0.750408,66.8125,53.403,38.7073,0,0,8.15364,56.384,6.845,0,0,0,0,0,None,None,0,0,0,0,0,0,1861,0,1996,None,0,2,0.00762193,0.241913,0.00762506,6231.87,134.16,81.8533,2526.01,0.679979
2089,365,23,1079.02,1.16963,15.5362,531.576,61.2785,77.8436,327.397,6.12585,0.320528,255.634,44.6489,65.3779,4.07064,3014.48,-203.395,2038.46,772.627,2545.88,901.834,199.471,117.798,202.303,223,105,0.65112,66.8982,53.4504,38.7971,0,0,8.14334,56.5521,6.86176,0,0,0,0,0,None,None,0,0,0,0,0,0,1861,0,1996,None,0,2,0.00762669,0.243751,0.00762692,6208.97,133.051,69.5764,2499.66,0.675247
2090,365,23,1051.26,1.45151,17.1348,970.621,86.2919,78.2148,322.418,6.13839,0.320528,256.656,56.3224,76.2138,5.81036,3142.43,139.672,2502.01,780.087,2831.15,1305.31,284.598,83.0673,327.625,224,105,0.772359,66.8513,53.4861,38.733,0,0,8.17128,56.4954,6.83706,0,0,0,0,0,None,None,0,0,0,0,0,0,1861,0,1996,None,0,2,0.00651166,0.245395,0.00756116,6176.34,127.332,96.5424,2444.55,0.670572
2091,365,23,1221.71,1.38804,16.0738,698.108,59.4026,76.9506,329.704,6.12194,0.320281,256.939,49.6856,62.5686,-1.90618,2828.62,193.282,2236.4,785.502,2428.08,1065.97,211.628,122.416,254.169,225,105,0.729061,66.7364,53.517,38.5891,0,0,8.02204,56.3219,6.79086,0,0,0,0,0,None,None,0,0,0,0,0,0,1861,0,1996,None,0,2,0.00751349,0.245988,0.00762225,6151.59,127.976,73.6678,2416.53,0.664753
2092,365,23,1086.1,1.2753,15.6933,578.443,61.6983,81.2341,327.578,6.09048,0.320789,255.173,47.4964,68.6563,0.398773,3115.07,-302.403,2059.17,753.493,2716.28,954.234,209.871,128.969,226.586,226,105,0.67013,66.9126,53.5713,38.7839,0,0,8.13481,56.643,6.83587,0,0,0,0,0,None,None,0,0,0,0,0,0,1861,0,1996,None,0,2,0.00742989,0.246883,0.00759937,6125.73,127.37,71.75,2398.02,0.661192
2093,365,23,1155.62,1.28335,15.2158,553.118,61.4483,77.4922,326.338,6.12281,0.320789,255.102,44.8534,65.2544,3.09805,2885.98,21.6444,2171.96,735.663,2465.22,974.341,198.295,111.927,220.835,227,105,0.682425,66.8713,53.6056,38.7276,0,0,8.02385,56.5966,6.81372,0,0,0,0,0,None,None,0,0,0,0,0,0,1861,0,1996,None,0,2,0.0070799,0.245703,0.00762504,6100.61,126.826,78.2262,2390.43,0.659175
2094,365,23,837.659,1.24067,16.3178,767.499,74.8725,76.7883,324.103,6.10804,0.320598,254.875,51.2132,70.0514,3.3152,3026.02,17.2011,2279.27,763.944,2657.62,1115.57,231.492,111.81,276.592,228,105,0.741638,66.8656,53.6447,38.7108,0,0,8.04529,56.608,6.80191,0,0,0,0,0,None,None,0,0,0,0,0,0,1861,0,1996,None,0,2,0.00731708,0.246914,0.00757994,6072.31,125.077,79.7824,2362.55,0.654973
2095,365,23,668.769,1.20995,16.4655,774.494,74.0582,77.4093,325.188,6.10062,0.320598,250.101,50.2458,69.9859,2.3958,2982.37,55.9366,2280.96,757.346,2612.94,1099.21,227.06,99.7949,274.937,229,105,0.736267,66.8358,53.6808,38.6668,0,0,8.02308,56.5792,6.78297,0,0,0,0,0,None,None,0,0,0,0,0,0,1861,0,1996,None,0,2,0.0073538,0.247602,0.00758334,6046.49,125.133,77.8963,2347.79,0.651706
2096,365,23,981.35,1.36722,16.1713,724.622,71.2219,77.58,328.302,6.08815,0.320604,254.696,50.042,72.034,4.42972,3037.47,-12.0675,2275.38,750.023,2694.79,1137.4,235.853,98.3376,265.765,230,105,0.728274,66.8496,53.7205,38.673,0,0,8.05361,56.6238,6.77753,0,0,0,0,0,None,None,0,0,0,0,0,0,1861,0,1996,None,0,2,0.00706871,0.247776,0.00760334,6017.94,123.307,85.5765,2327.23,0.648519
2097,365,23,1467.01,1.23379,15.3136,454.489,51.0772,77.1083,333.392,6.08516,0.321075,255.485,42.6282,62.15,0.801248,2917.52,-137.21,2020.98,759.333,2452.4,842.652,161.424,155.027,185.804,231,105,0.599012,66.914,53.7636,38.7387,0,0,7.95555,56.7553,6.78812,0,0,0,0,0,None,None,0,0,0,0,0,0,1861,0,1996,None,0,2,0.00732859,0.246985,0.00760475,5996.13,125.454,60.1468,2324.04,0.64464
2098,365,23,1181.31,1.33988,17.3251,820.969,75.3849,76.1475,331.539,6.09336,0.321152,245.246,50.3398,72.3107,1.36505,3181.09,-39.6119,2429.54,711.938,2817.17,1214.1,242.727,90.8541,267.723,232,105,0.744059,66.9174,53.8014,38.7335,0,0,8.00337,56.7827,6.77976,0,0,0,0,0,None,None,0,0,0,0,0,0,1861,0,1996,None,0,2,0.00760525,0.247195,0.00762543,5968.31,123.191,92.3603,2321.23,0.644762
2099,365,23,1170.53,1.23949,15.1337,468.873,58.6134,77.8872,327.298,6.0883,0.32194,255.062,41.5715,64.5222,-0.703039,2971.86,-160.846,2057.28,753.737,2567.14,877.725,168.732,123.99,201.222,233,105,0.598603,67.0309,53.8481,38.8564,0,0,7.95541,56.9979,6.8057,0,0,0,0,0,None,None,0,0,0,0,0,0,1861,0,1996,None,0,2,0.00736067,0.247721,0.00758568,5947.56,125.361,69.0696,2321.85,0.641421
2100,365,23,1179.28,1.27016,16.4706,652.883,62.461,77.0665,329.942,6.10726,0.322208,255.199,47.0008,65.319,-1.61152,3088.92,-90.8501,2231.76,766.311,2645.13,987.155,196.47,122.269,234.125,234,105,0.688848,67.0639,53.8871,38.8865,0,0,7.94634,57.0766,6.80699,0,0,0,0,0,None,None,0,0,0,0,0,0,1861,0,1996,None,0,2,0.00760759,0.247404,0.00762404,5920.97,123.923,63.7678,2299.67,0.637262
